Lot URL,Lot/Inv #,Est. Retail value,Sale date,Year,Make,Model,Engine type,Cylinders,VIN,Title code,Odometer,Odometer description,Damage description,Current bid,My bid,Item number,Sale name,Auto grade,Sale light,Announcements
https://www.copart.com/lot/99546165/salvage-2017-toyota-corolla-l-oh-akron,99546165,"11,594 USD",05/01/2026 03:00 pm GMT+1,2017,TOYT,COROLLA,1.8L  4,4,2T1BURHE3HC******,CERT OF TITLE-SALVAGE,"101,586 A",ACTUAL,REAR END,"2,900 USD",0 USD,71,OH - AKRON,0,N/A,N/A
https://www.copart.com/lot/90997595/clean-title-2017-nissan-altima-3-5sl-oh-akron,90997595,0 USD,05/01/2026 03:00 pm GMT+1,2017,NISS,ALTIMA,3.5L  6,6,1N4BL3AP5HC******,CERTIFICATE OF TITLE,"122,003 N",NOT ACTUAL,MECHANICAL,750 USD,0 USD,1104,OH - AKRON,0,N/A,N/A
https://www.copart.com/lot/81685195/clean-title-2016-ford-econoline-e350-super-duty-cutaway-van-oh-akron,81685195,"14,538 USD",05/01/2026 03:00 pm GMT+1,2016,FORD,ECONOLINE E350 SUPER DUTY CUTAWAY VAN,6.8L 10,10,1FDWE3FS5GD******,CERTIFICATE OF TITLE,"204,052 A",ACTUAL,MECHANICAL,0 USD,0 USD,822,OH - AKRON,0,N/A,N/A
https://www.copart.com/lot/79767075/clean-title-2019-chrysler-pacifica-touring-l-oh-akron,79767075,0 USD,05/01/2026 03:00 pm GMT+1,2019,CHRY,PACIFICA,3.6L 6,6,2C4RC1BG2KR******,CERT OF TITLE-REPOSSESSION,"176,769 A",ACTUAL,STRIPPED,0 USD,0 USD,1142,OH - AKRON,0,N/A,N/A
https://www.copart.com/lot/79400805/salvage-2024-bmw-230xi-oh-akron,79400805,"34,553 USD",05/01/2026 03:00 pm GMT+1,2024,BMW,230XI,2.0L 4,4,3MW33CM07R8******,CERT OF TITLE-SALVAGE,"18,120 A",ACTUAL,FRONT END,"6,500 USD",0 USD,48,OH - AKRON,0,N/A,N/A
https://www.copart.com/lot/79117385/clean-title-2017-audi-q5-premium-oh-akron,79117385,0 USD,05/01/2026 03:00 pm GMT+1,2017,AUDI,Q5,2.0L 4,4,WA1C2AFPXHA******,CERT OF TITLE-REPOSSESSION (P),"151,360 A",ACTUAL,MINOR DENT/SCRATCHES,0 USD,0 USD,67,OH - AKRON,0,N/A,N/A
https://www.copart.com/lot/79043395/clean-title-2003-toyota-tacoma-prerunner-oh-akron,79043395,0 USD,05/01/2026 03:00 pm GMT+1,2003,TOYT,TACOMA,2.7L 4,4,5TESM92N83Z******,CERTIFICATE OF TITLE,"316,267 A",ACTUAL,FRONT END,"1,800 USD",0 USD,1136,OH - AKRON,0,N/A,N/A
https://www.copart.com/lot/78956375/clean-title-2013-freigliner-cascadia-125-oh-akron,78956375,0 USD,05/01/2026 03:00 pm GMT+1,2013,FRHT,CASCADIA 125,14.8L 6,6,1FUJGLDRXDS******,CERTIFICATE OF TITLE (P),"908,470 A",ACTUAL,FRONT END,0 USD,0 USD,852,OH - AKRON,0,N/A,N/A
https://www.copart.com/lot/78803475/salvage-2011-ford-fusion-sel-oh-akron,78803475,"3,952 USD",05/01/2026 03:00 pm GMT+1,2011,FORD,FUSION,3.0L 6,6,3FAHP0JGXBR******,CERT OF TITLE-SALVAGE,0 N,NOT ACTUAL,FRONT END,90 USD,0 USD,1137,OH - AKRON,0,N/A,N/A
https://www.copart.com/lot/78588535/salvage-2024-toyota-camry-le-oh-akron,78588535,"20,665 USD",05/01/2026 03:00 pm GMT+1,2024,TOYT,CAMRY,2.5L 4,4,4T1C11AK6RU******,CERT OF TITLE-SALVAGE,0 N,NOT ACTUAL,FRONT END,80 USD,0 USD,1114,OH - AKRON,0,N/A,N/A
https://www.copart.com/lot/78421575/clean-title-2017-land-rover-discovery-sport-se-oh-akron,78421575,0 USD,05/01/2026 03:00 pm GMT+1,2017,LAND,DISCOVERY SPORT,2.0L  4,4,SALCP2BGXHH******,CERTIFICATE OF TITLE,"177,909 A",ACTUAL,FRONT END,"1,800 USD",0 USD,1127,OH - AKRON,0,N/A,N/A
https://www.copart.com/lot/78221615/clean-title-2011-toyota-tacoma-bas-oh-akron,78221615,"15,675 USD",05/01/2026 03:00 pm GMT+1,2011,TOYT,TACOMA BAS,4.0L  6,6,5TFUU4EN6BX******,CERTIFICATE OF TITLE,"150,518 A",ACTUAL,MECHANICAL,300 USD,0 USD,1134,OH - AKRON,0,N/A,N/A
https://www.copart.com/lot/77566565/clean-title-2015-cadillac-escalade-luxury-oh-akron,77566565,"17,925 USD",05/01/2026 03:00 pm GMT+1,2015,CADI,ESCALADE,6.2L  8,8,1GYS4MKJ3FR******,CERTIFICATE OF TITLE,"170,898 A",ACTUAL,FRONT END,90 USD,0 USD,1122,OH - AKRON,0,N/A,N/A
https://www.copart.com/lot/77272425/clean-title-2017-jaguar-f-pace-prestige-oh-akron,77272425,"10,700 USD",05/01/2026 03:00 pm GMT+1,2017,JAGU,F-PACE,3.0L  6,6,SADCK2BV9HA******,CERT OF TITLE-REPOSSESSION,"172,899 A",ACTUAL,MECHANICAL,80 USD,0 USD,1125,OH - AKRON,0,N/A,N/A
https://www.copart.com/lot/76737985/clean-title-2021-bmw-x7-m50i-oh-akron,76737985,0 USD,05/01/2026 03:00 pm GMT+1,2021,BMW,X7,4.4L  8,8,5UXCX6C08M9******,CERT OF TITLE-REPOSSESSION (P),"85,582 A",ACTUAL,MECHANICAL,"10,000 USD",0 USD,63,OH - AKRON,0,N/A,N/A
https://www.copart.com/lot/75857335/salvage-2013-hyundai-accent-gls-oh-akron,75857335,"4,136 USD",05/01/2026 03:00 pm GMT+1,2013,HYUN,ACCENT,1.6L  4,4,KMHCT4AE6DU******,CERT OF TITLE-SALVAGE,"128,143 A",ACTUAL,FRONT END,80 USD,0 USD,43,OH - AKRON,0,N/A,N/A
https://www.copart.com/lot/74630945/clean-title-2013-toyota-venza-le-oh-akron,74630945,0 USD,05/01/2026 03:00 pm GMT+1,2013,TOYT,VENZA,2.7L  4,4,4T3ZA3BB8DU******,CERTIFICATE OF TITLE (P),"209,540 A",ACTUAL,FRONT END,250 USD,0 USD,50,OH - AKRON,0,N/A,N/A
https://www.copart.com/lot/73918785/salvage-2005-toyota-corolla-ce-oh-akron,73918785,"2,900 USD",05/01/2026 03:00 pm GMT+1,2005,TOYT,COROLLA,1.8L 4,4,2T1BR32E35C******,CERT OF TITLE-SALVAGE,"215,453 N",NOT ACTUAL,MINOR DENT/SCRATCHES,300 USD,0 USD,78,OH - AKRON,0,N/A,N/A
https://www.copart.com/lot/73674635/salvage-2020-honda-cr-v-ex-oh-akron,73674635,"21,814 USD",05/01/2026 03:00 pm GMT+1,2020,HOND,CR-V,1.5L  4,4,2HKRW2H58LH******,CERT OF TITLE-SALVAGE,"56,650 A",ACTUAL,SIDE,"7,100 USD",0 USD,22,OH - AKRON,0,N/A,N/A
https://www.copart.com/lot/72856315/salvage-2015-honda-civic-hybrid-oh-akron,72856315,"6,619 USD",05/01/2026 03:00 pm GMT+1,2015,HOND,CIVIC,1.5L  4,4,19XFB4F21FE******,CERT OF TITLE-SALVAGE,"204,265 A",ACTUAL,FRONT END,100 USD,0 USD,49,OH - AKRON,0,N/A,N/A
https://www.copart.com/lot/72363565/clean-title-2017-peterbilt-579-semi-truck-oh-akron,72363565,0 USD,05/01/2026 03:00 pm GMT+1,2017,PTRB,579,12.9L  6,6,1XPBDP9X2HD******,CERTIFICATE OF TITLE,0 N,NOT ACTUAL,NORMAL WEAR,"2,050 USD",0 USD,851,OH - AKRON,0,N/A,N/A
https://www.copart.com/lot/51510546/salvage-2008-gmc-sierra-c1500-oh-akron,51510546,"8,800 USD",05/01/2026 03:00 pm GMT+1,2008,GMC,SIERRA,5.3L 8,8,1GTEC19018Z******,CERT OF TITLE-SALVAGE,"133,877 A",ACTUAL,FRONT END,300 USD,0 USD,81,OH - AKRON,0,N/A,N/A
https://www.copart.com/lot/51455776/clean-title-2014-honda-cr-v-exl-oh-akron,51455776,"1,500 USD",05/01/2026 03:00 pm GMT+1,2014,HOND,CR-V,2.4L 4,4,5J6RM4H72EL******,CERTIFICATE OF TITLE,"178,472 A",ACTUAL,MECHANICAL,225 USD,0 USD,64,OH - AKRON,0,N/A,N/A
https://www.copart.com/lot/51401426/salvage-2021-nissan-altima-s-oh-akron,51401426,"10,943 USD",05/01/2026 03:00 pm GMT+1,2021,NISS,ALTIMA,2.5L 4,4,1N4BL4BV5MN******,CERT OF TITLE-SALVAGE,"94,186 A",ACTUAL,HAIL,"1,450 USD",0 USD,38,OH - AKRON,0,N/A,N/A
https://www.copart.com/lot/51362786/clean-title-2013-honda-accord-touring-oh-akron,51362786,0 USD,05/01/2026 03:00 pm GMT+1,2013,HOND,ACCORD,3.5L 6,6,1HGCR3F95DA******,CERTIFICATE OF TITLE,"130,739 A",ACTUAL,FRONT END,250 USD,0 USD,31,OH - AKRON,0,N/A,N/A
https://www.copart.com/lot/51326226/salvage-2012-jeep-grand-cherokee-limited-oh-akron,51326226,"4,162 USD",05/01/2026 03:00 pm GMT+1,2012,JEP,GRAND CHEROKEE,3.6L 6,6,1C4RJEBG2CC******,CERT OF TITLE-SALVAGE,"211,208 A",ACTUAL,FRONT END,250 USD,0 USD,82,OH - AKRON,0,N/A,N/A
https://www.copart.com/lot/51252656/salvage-2015-fiat-500l-lounge-oh-akron,51252656,"8,559 USD",05/01/2026 03:00 pm GMT+1,2015,FIAT,500L,1.4L 4,4,ZFBCFACH7FZ******,CERT OF TITLE-SALVAGE,"110,520 A",ACTUAL,FRONT END,80 USD,0 USD,1116,OH - AKRON,0,N/A,N/A
https://www.copart.com/lot/51201236/clean-title-2019-freightliner-cascadia-125-semi-truck-oh-akron,51201236,"33,767 USD",05/01/2026 03:00 pm GMT+1,2019,FRHT,CASCADIA 125,12.8L 6,6,3AKJGEDV7KD******,CERTIFICATE OF TITLE,0 N,NOT ACTUAL,BURN,125 USD,0 USD,853,OH - AKRON,0,N/A,N/A
https://www.copart.com/lot/51147796/salvage-2016-bmw-x3-xdrive28i-oh-akron,51147796,"12,586 USD",05/01/2026 03:00 pm GMT+1,2016,BMW,X3,2.0L 4,4,5UXWX9C53G0******,CERT OF TITLE-SALVAGE,0 N,NOT ACTUAL,FRONT END,"2,850 USD",0 USD,1129,OH - AKRON,0,N/A,N/A
https://www.copart.com/lot/51142916/salvage-2017-jeep-compass-latitude-oh-akron,51142916,"4,584 USD",05/01/2026 03:00 pm GMT+1,2017,JEP,COMPASS,2.4L 4,4,1C4NJCEB6HD******,CERT OF TITLE-SALVAGE,"145,559 A",ACTUAL,MINOR DENT/SCRATCHES,90 USD,0 USD,89,OH - AKRON,0,N/A,N/A
https://www.copart.com/lot/51080496/clean-title-2018-kia-forte-lx-oh-akron,51080496,"9,625 USD",05/01/2026 03:00 pm GMT+1,2018,KIA,FORTE,2.0L 4,4,3KPFK4A78JE******,CERTIFICATE OF TITLE,"85,941 A",ACTUAL,SIDE,90 USD,0 USD,73,OH - AKRON,0,N/A,N/A
https://www.copart.com/lot/51072536/salvage-2003-saturn-l200-oh-akron,51072536,"2,594 USD",05/01/2026 03:00 pm GMT+1,2003,SATU,L200,2.2L 4,4,1G8JU54F73Y******,CERT OF TITLE-SALVAGE,"170,562 A",ACTUAL,FRONT END,80 USD,0 USD,87,OH - AKRON,0,N/A,N/A
https://www.copart.com/lot/51044596/clean-title-2008-niss-quest-3-5-oh-akron,51044596,0 USD,05/01/2026 03:00 pm GMT+1,2008,NISS,QUEST,3.5L 6,6,5N1BV28U88N******,CERTIFICATE OF TITLE,"143,624 A",ACTUAL,MINOR DENT/SCRATCHES,250 USD,0 USD,18,OH - AKRON,0,N/A,N/A
https://www.copart.com/lot/50986466/clean-title-2018-ford-escape-se-oh-akron,50986466,0 USD,05/01/2026 03:00 pm GMT+1,2018,FORD,ESCAPE,1.5L 4,4,1FMCU0GD3JU******,CERTIFICATE OF TITLE (P),"86,893 A",ACTUAL,MECHANICAL,0 USD,0 USD,1139,OH - AKRON,0,N/A,N/A
https://www.copart.com/lot/50950806/clean-title-2016-chevrolet-trax-ls-oh-akron,50950806,"6,825 USD",05/01/2026 03:00 pm GMT+1,2016,CHEV,TRAX,1.4L 4,4,3GNCJNSB0GL******,CERTIFICATE OF TITLE,"103,133 A",ACTUAL,MECHANICAL,80 USD,0 USD,23,OH - AKRON,0,N/A,N/A
https://www.copart.com/lot/50947616/clean-title-2014-chev-silverado-1500-oh-akron,50947616,"15,367 USD",05/01/2026 03:00 pm GMT+1,2014,CHEV,SILVERADO 1500,5.3L 8,8,1GCVKREC8EZ******,CERTIFICATE OF TITLE,"120,622 A",ACTUAL,MECHANICAL,90 USD,0 USD,59,OH - AKRON,0,N/A,N/A
https://www.copart.com/lot/50933206/salvage-2016-honda-odyssey-se-oh-akron,50933206,"14,432 USD",05/01/2026 03:00 pm GMT+1,2016,HOND,ODYSSEY,3.5L 6,6,5FNRL5H31GB******,CERT OF TITLE-SALVAGE,"97,336 A",ACTUAL,FRONT END,250 USD,0 USD,1108,OH - AKRON,0,N/A,N/A
https://www.copart.com/lot/50882356/clean-title-2011-toyota-prius-two-oh-akron,50882356,"1,900 USD",05/01/2026 03:00 pm GMT+1,2011,TOYT,PRIUS,1.8L 4,4,JTDKN3DUXB1******,CERTIFICATE OF TITLE,"79,830 A",ACTUAL,MINOR DENT/SCRATCHES,"3,350 USD",0 USD,65,OH - AKRON,0,N/A,N/A
https://www.copart.com/lot/50798936/salvage-2013-bmw-328-xi-sulev-oh-akron,50798936,"6,014 USD",05/01/2026 03:00 pm GMT+1,2013,BMW,328,2.0L 4,4,WBA3B5G56DN******,CERT OF TITLE-SALVAGE,"172,317 A",ACTUAL,HAIL,150 USD,0 USD,86,OH - AKRON,0,N/A,N/A
https://www.copart.com/lot/50789646/clean-title-2011-gmc-sierra-k1500-sle-oh-akron,50789646,"10,700 USD",05/01/2026 03:00 pm GMT+1,2011,GMC,SIERRA,5.3L 8,8,1GTR2VE37BZ******,CERTIFICATE OF TITLE,"198,705 A",ACTUAL,MECHANICAL,90 USD,0 USD,1144,OH - AKRON,0,N/A,N/A
https://www.copart.com/lot/50788656/salvage-2000-volkswagen-jetta-glx-oh-akron,50788656,"3,296 USD",05/01/2026 03:00 pm GMT+1,2000,VOLK,JETTA,2.8L 6,6,3VWTE29M8YM******,CERT OF TITLE-SALVAGE,0 N,NOT ACTUAL,BURN,80 USD,0 USD,1115,OH - AKRON,0,N/A,N/A
https://www.copart.com/lot/50785556/salvage-2023-ford-bronco-sport-oh-akron,50785556,"19,664 USD",05/01/2026 03:00 pm GMT+1,2023,FORD,BRONCO SPORT,1.5L 3,3,3FMCR9A69PR******,CERT OF TITLE-SALVAGE,"27,266 A",ACTUAL,FRONT END,100 USD,0 USD,79,OH - AKRON,0,N/A,N/A
https://www.copart.com/lot/50736116/salvage-2001-chevrolet-suburban-k1500-oh-akron,50736116,"4,738 USD",05/01/2026 03:00 pm GMT+1,2001,CHEV,SUBURBAN,5.3L 8,8,3GNFK16T21G******,CERT OF TITLE-SALVAGE,"175,566 A",ACTUAL,TOP/ROOF,90 USD,0 USD,40,OH - AKRON,0,N/A,N/A
https://www.copart.com/lot/50718466/salvage-2006-ford-f150-oh-akron,50718466,"7,022 USD",05/01/2026 03:00 pm GMT+1,2006,FORD,F150,4.2L 6,6,1FTRF12236N******,CERT OF TITLE-SALVAGE,"134,532 A",ACTUAL,FRONT END,90 USD,0 USD,75,OH - AKRON,0,N/A,N/A
https://www.copart.com/lot/50692036/salvage-2017-gmc-yukon-slt-oh-akron,50692036,"14,430 USD",05/01/2026 03:00 pm GMT+1,2017,GMC,YUKON,5.3L 8,8,1GKS2BKCXHR******,CERT OF TITLE-SALVAGE,"151,252 A",ACTUAL,FRONT END,400 USD,0 USD,25,OH - AKRON,0,N/A,N/A
https://www.copart.com/lot/50497856/salvage-2018-hyundai-santa-fe-sport-2-4l-oh-akron,50497856,"11,669 USD",05/01/2026 03:00 pm GMT+1,2018,HYUN,SANTA FE SPORT,2.4L 4,4,5NMZUDLB5JH******,CERT OF TITLE-SALVAGE,"92,692 A",ACTUAL,REAR END,825 USD,0 USD,2,OH - AKRON,0,N/A,N/A
https://www.copart.com/lot/50455036/clean-title-2018-audi-s5-prestige-oh-akron,50455036,0 USD,05/01/2026 03:00 pm GMT+1,2018,AUDI,S5,3.0L 6,6,WAUR4AF52JA******,CERT OF TITLE-REPOSSESSION (P),0 N,NOT ACTUAL,FRONT END,"5,000 USD",0 USD,51,OH - AKRON,0,N/A,N/A
https://www.copart.com/lot/50454896/clean-title-2017-honda-accord-lx-oh-akron,50454896,0 USD,05/01/2026 03:00 pm GMT+1,2017,HOND,ACCORD,2.4L 4,4,1HGCR2F31HA******,CERTIFICATE OF TITLE (P),"121,946 A",ACTUAL,FRONT END,"3,200 USD",0 USD,57,OH - AKRON,0,N/A,N/A
https://www.copart.com/lot/50443956/clean-title-2010-hyundai-santa-fe-gls-oh-akron,50443956,"4,758 USD",05/01/2026 03:00 pm GMT+1,2010,HYUN,SANTA FE,2.4L 4,4,5NMSG3AB3AH******,CERTIFICATE OF TITLE,"181,199 A",ACTUAL,MINOR DENT/SCRATCHES,200 USD,0 USD,61,OH - AKRON,0,N/A,N/A
https://www.copart.com/lot/50434156/salvage-2018-chevrolet-cruze-lt-oh-akron,50434156,"7,291 USD",05/01/2026 03:00 pm GMT+1,2018,CHEV,CRUZE,1.4L 4,4,3G1BE6SM5JS******,CERT OF TITLE-SALVAGE,"103,271 A",ACTUAL,HAIL,250 USD,0 USD,13,OH - AKRON,0,N/A,N/A
https://www.copart.com/lot/50281066/salvage-2025-toyota-gr-corolla-premium-plus-oh-akron,50281066,"39,398 USD",05/01/2026 03:00 pm GMT+1,2025,TOYT,GR COROLLA,1.6L 3,3,JTNABAAE2SA******,CERT OF TITLE-SALVAGE,"31,982 A",ACTUAL,HAIL,"10,300 USD",0 USD,30,OH - AKRON,0,N/A,N/A
https://www.copart.com/lot/50270026/clean-title-2016-kia-sorento-lx-v6-oh-akron,50270026,"2,000 USD",05/01/2026 03:00 pm GMT+1,2016,KIA,SORENTO,3.3L 6,6,5XYPG4A54GG******,CERTIFICATE OF TITLE,"129,153 A",ACTUAL,MECHANICAL,90 USD,0 USD,58,OH - AKRON,0,N/A,N/A
https://www.copart.com/lot/50261886/salvage-2015-nissan-altima-2-5-s-oh-akron,50261886,"2,773 USD",05/01/2026 03:00 pm GMT+1,2015,NISS,ALTIMA,2.5L 4,4,1N4AL3AP8FN******,CERT OF TITLE-SALVAGE,"215,744 A",ACTUAL,FRONT END,90 USD,0 USD,27,OH - AKRON,0,N/A,N/A
https://www.copart.com/lot/50248116/salvage-2013-chevrolet-malibu-2lt-oh-akron,50248116,"8,479 USD",05/01/2026 03:00 pm GMT+1,2013,CHEV,MALIBU,2.4L 4,4,1G11F5RR3DF******,CERT OF TITLE-SALVAGE,"33,044 A",ACTUAL,SIDE,250 USD,0 USD,88,OH - AKRON,0,N/A,N/A
https://www.copart.com/lot/50244676/clean-title-2015-ford-f150-supercrew-oh-akron,50244676,"14,400 USD",05/01/2026 03:00 pm GMT+1,2015,FORD,F150,3.5L 6,6,1FTEW1EG5FF******,CERTIFICATE OF TITLE,"133,889 A",ACTUAL,REAR END,90 USD,0 USD,4,OH - AKRON,0,N/A,N/A
https://www.copart.com/lot/50244646/clean-title-2016-hyundai-santa-fe-se-oh-akron,50244646,"9,100 USD",05/01/2026 03:00 pm GMT+1,2016,HYUN,SANTA FE,3.3L 6,6,KM8SMDHF6GU******,CERTIFICATE OF TITLE,"175,842 A",ACTUAL,MINOR DENT/SCRATCHES,0 USD,0 USD,14,OH - AKRON,0,N/A,N/A
https://www.copart.com/lot/50222536/clean-title-2015-jeep-renegade-trailhawk-oh-akron,50222536,0 USD,05/01/2026 03:00 pm GMT+1,2015,JEP,RENEGADE,2.4L 4,4,ZACCJBCTXFP******,CERTIFICATE OF TITLE (P),"113,282 A",ACTUAL,TOP/ROOF,200 USD,0 USD,70,OH - AKRON,0,N/A,N/A
https://www.copart.com/lot/50216806/clean-title-2016-bmw-x1-xdrive28i-oh-akron,50216806,0 USD,05/01/2026 03:00 pm GMT+1,2016,BMW,X1,2.0L 4,4,WBXHT3C36G5******,CERT OF TITLE-REBUILT SALVAGE (P),"98,589 A",ACTUAL,MINOR DENT/SCRATCHES,0 USD,0 USD,68,OH - AKRON,0,N/A,N/A
https://www.copart.com/lot/50170046/clean-title-2012-toyota-prius-two-oh-akron,50170046,"4,600 USD",05/01/2026 03:00 pm GMT+1,2012,TOYT,PRIUS,1.8L 4,4,JTDKN3DU2C5******,CERTIFICATE OF TITLE,"219,254 A",ACTUAL,REAR END,90 USD,0 USD,6,OH - AKRON,0,N/A,N/A
https://www.copart.com/lot/50155276/salvage-2014-kia-sedona-lx-oh-akron,50155276,"5,186 USD",05/01/2026 03:00 pm GMT+1,2014,KIA,SEDONA,3.5L 6,6,KNDMG4C75E6******,CERT OF TITLE-SALVAGE,0 N,NOT ACTUAL,SIDE,80 USD,0 USD,1141,OH - AKRON,0,N/A,N/A
https://www.copart.com/lot/50154946/salvage-2023-nissan-rogue-sv-oh-akron,50154946,"19,860 USD",05/01/2026 03:00 pm GMT+1,2023,NISS,ROGUE,1.5L 3,3,JN8BT3BB8PW******,CERT OF TITLE-SALVAGE,"29,748 A",ACTUAL,FRONT END,550 USD,0 USD,12,OH - AKRON,0,N/A,N/A
https://www.copart.com/lot/50150786/salvage-2016-jeep-cherokee-latitude-oh-akron,50150786,"4,331 USD",05/01/2026 03:00 pm GMT+1,2016,JEP,CHEROKEE,2.4L 4,4,1C4PJMCB2GW******,CERT OF TITLE-SALVAGE,"163,618 A",ACTUAL,FRONT END,80 USD,0 USD,1145,OH - AKRON,0,N/A,N/A
https://www.copart.com/lot/50116256/salvage-2009-volkswagen-new-beetle-s-oh-akron,50116256,"4,230 USD",05/01/2026 03:00 pm GMT+1,2009,VOLK,NEW BEETLE,2.5L 5,5,3VWPW31CX9M******,CERT OF TITLE-SALVAGE,"152,302 A",ACTUAL,MINOR DENT/SCRATCHES,90 USD,0 USD,1140,OH - AKRON,0,N/A,N/A
https://www.copart.com/lot/50071376/salvage-2013-gmc-sierra-k1500-sle-oh-akron,50071376,"11,802 USD",05/01/2026 03:00 pm GMT+1,2013,GMC,SIERRA,5.3L 8,8,3GTP2VE73DG******,CERT OF TITLE-SALVAGE,"150,678 A",ACTUAL,SIDE,775 USD,0 USD,84,OH - AKRON,0,N/A,N/A
https://www.copart.com/lot/49992866/salvage-2013-ford-f150-supercrew-oh-akron,49992866,"1,340 USD",05/01/2026 03:00 pm GMT+1,2013,FORD,F150,3.5L 6,6,1FTFW1ET1DF******,CERT OF TITLE-SALVAGE,"301,883 A",ACTUAL,FRONT END,90 USD,0 USD,66,OH - AKRON,0,N/A,N/A
https://www.copart.com/lot/49910726/salvage-2017-mazda-cx-9-grand-touring-oh-akron,49910726,"14,897 USD",05/01/2026 03:00 pm GMT+1,2017,MAZD,CX-9,2.5L 4,4,JM3TCBDY0H0******,CERT OF TITLE-SALVAGE,"112,687 A",ACTUAL,FRONT END,80 USD,0 USD,1120,OH - AKRON,0,N/A,N/A
https://www.copart.com/lot/49889376/salvage-2018-kia-stinger-gt2-oh-akron,49889376,"20,349 USD",05/01/2026 03:00 pm GMT+1,2018,KIA,STINGER,3.3L 6,6,KNAE55LC7J6******,CERT OF TITLE-SALVAGE,"73,119 A",ACTUAL,FRONT END,525 USD,0 USD,5,OH - AKRON,0,N/A,N/A
https://www.copart.com/lot/49859736/clean-title-2014-ford-focus-se-oh-akron,49859736,"1,950 USD",05/01/2026 03:00 pm GMT+1,2014,FORD,FOCUS,2.0L 4,4,1FADP3F22EL******,CERT OF TITLE-REBUILT SALVAGE,"78,963 A",ACTUAL,MECHANICAL,90 USD,0 USD,1118,OH - AKRON,0,N/A,N/A
https://www.copart.com/lot/49855206/clean-title-2014-chevrolet-equinox-lt-oh-akron,49855206,0 USD,05/01/2026 03:00 pm GMT+1,2014,CHEV,EQUINOX,2.4L 4,4,2GNALCEK3E6******,CERTIFICATE OF TITLE,"163,680 A",ACTUAL,FRONT END,90 USD,0 USD,62,OH - AKRON,0,N/A,N/A
https://www.copart.com/lot/49828276/clean-title-2014-jeep-cherokee-latitude-oh-akron,49828276,"7,128 USD",05/01/2026 03:00 pm GMT+1,2014,JEP,CHEROKEE,2.4L 4,4,1C4PJMCB2EW******,CERTIFICATE OF TITLE,"231,256 A",ACTUAL,REAR END,250 USD,0 USD,55,OH - AKRON,0,N/A,N/A
https://www.copart.com/lot/49827406/salvage-2006-honda-cr-v-lx-oh-akron,49827406,"4,666 USD",05/01/2026 03:00 pm GMT+1,2006,HOND,CR-V,2.4L 4,4,SHSRD68596U******,CERT OF TITLE-SALVAGE,"197,345 A",ACTUAL,FRONT END,250 USD,0 USD,77,OH - AKRON,0,N/A,N/A
https://www.copart.com/lot/49811386/salvage-2010-toyota-rav4-sport-oh-akron,49811386,"10,716 USD",05/01/2026 03:00 pm GMT+1,2010,TOYT,RAV4,2.5L 4,4,2T3RF4DVXAW******,CERT OF TITLE-SALVAGE,"78,416 A",ACTUAL,FRONT END,"1,850 USD",0 USD,42,OH - AKRON,0,N/A,N/A
https://www.copart.com/lot/49667256/salvage-2006-chevrolet-malibu-lt-oh-akron,49667256,"1,780 USD",05/01/2026 03:00 pm GMT+1,2006,CHEV,MALIBU,3.5L 6,6,1G1ZT53876F******,CERT OF TITLE-SALVAGE,"200,638 A",ACTUAL,REAR END,90 USD,0 USD,9,OH - AKRON,0,N/A,N/A
https://www.copart.com/lot/49641526/salvage-2014-toyota-prius-c-two-oh-akron,49641526,"4,495 USD",05/01/2026 03:00 pm GMT+1,2014,TOYT,PRIUS C,1.5L 4,4,JTDKDTB36E1******,CERT OF TITLE-SALVAGE,"203,682 A",ACTUAL,REAR END,90 USD,0 USD,47,OH - AKRON,0,N/A,N/A
https://www.copart.com/lot/49575986/clean-title-2018-nissan-versa-sv-oh-akron,49575986,"2,700 USD",05/01/2026 03:00 pm GMT+1,2018,NISS,VERSA,1.6L 4,4,3N1CN7AP1JL******,CERTIFICATE OF TITLE,"120,583 A",ACTUAL,MECHANICAL,90 USD,0 USD,1133,OH - AKRON,0,N/A,N/A
https://www.copart.com/lot/49560486/salvage-2017-cadillac-ats-oh-akron,49560486,"11,828 USD",05/01/2026 03:00 pm GMT+1,2017,CADI,ATS,2.0L 4,4,1G6AG1RX9H0******,CERT OF TITLE-SALVAGE,"87,075 A",ACTUAL,MECHANICAL,"1,200 USD",0 USD,20,OH - AKRON,0,N/A,N/A
https://www.copart.com/lot/49500566/clean-title-2013-volkswagen-passat-se-oh-akron,49500566,"3,500 USD",05/01/2026 03:00 pm GMT+1,2013,VOLK,PASSAT,2.0L 4,4,1VWBN7A32DC******,CERTIFICATE OF TITLE,"113,775 A",ACTUAL,MECHANICAL,90 USD,0 USD,1131,OH - AKRON,0,N/A,N/A
https://www.copart.com/lot/49496576/clean-title-2014-ford-expedition-el-xlt-oh-akron,49496576,"2,300 USD",05/01/2026 03:00 pm GMT+1,2014,FORD,EXPEDITION,5.4L 8,8,1FMJK1J50EE******,CERTIFICATE OF TITLE,"275,454 A",ACTUAL,MINOR DENT/SCRATCHES,90 USD,0 USD,72,OH - AKRON,0,N/A,N/A
https://www.copart.com/lot/49469566/salvage-2007-honda-odyssey-exl-oh-akron,49469566,"2,350 USD",05/01/2026 03:00 pm GMT+1,2007,HOND,ODYSSEY,3.5L 6,6,5FNRL38787B******,CERT OF TITLE-SALVAGE,"281,637 A",ACTUAL,FRONT END,175 USD,0 USD,44,OH - AKRON,0,N/A,N/A
https://www.copart.com/lot/49442106/salvage-2008-pontiac-torrent-oh-akron,49442106,"3,880 USD",05/01/2026 03:00 pm GMT+1,2008,PONT,TORRENT,3.4L 6,6,2CKDL43FX86******,CERT OF TITLE-SALVAGE,"154,329 A",ACTUAL,FRONT END,80 USD,0 USD,33,OH - AKRON,0,N/A,N/A
https://www.copart.com/lot/49374476/salvage-2010-hyundai-sonata-gls-oh-akron,49374476,"1,915 USD",05/01/2026 03:00 pm GMT+1,2010,HYUN,SONATA,2.4L 4,4,5NPET4AC2AH******,CERT OF TITLE-SALVAGE,"190,224 A",ACTUAL,FRONT END,90 USD,0 USD,1,OH - AKRON,0,N/A,N/A
https://www.copart.com/lot/49374176/salvage-2016-dodge-grand-caravan-se-oh-akron,49374176,"8,871 USD",05/01/2026 03:00 pm GMT+1,2016,DODG,GRAND CARAVAN,3.6L 6,6,2C4RDGBG0GR******,CERT OF TITLE-SALVAGE,"91,898 A",ACTUAL,FRONT END,80 USD,0 USD,1123,OH - AKRON,0,N/A,N/A
https://www.copart.com/lot/49314316/salvage-2014-ford-taurus-se-oh-akron,49314316,"6,151 USD",05/01/2026 03:00 pm GMT+1,2014,FORD,TAURUS,3.5L 6,6,1FAHP2D8XEG******,CERT OF TITLE-SALVAGE,"98,732 A",ACTUAL,REAR END,90 USD,0 USD,11,OH - AKRON,0,N/A,N/A
https://www.copart.com/lot/49260656/clean-title-2014-jeep-cherokee-sport-oh-akron,49260656,"7,758 USD",05/01/2026 03:00 pm GMT+1,2014,JEP,CHEROKEE,2.4L 4,4,1C4PJLABXEW******,CERTIFICATE OF TITLE,"102,802 A",ACTUAL,MECHANICAL,90 USD,0 USD,52,OH - AKRON,0,N/A,N/A
https://www.copart.com/lot/49144686/clean-title-2013-tesla-model-s-oh-akron,49144686,0 USD,05/01/2026 03:00 pm GMT+1,2013,TESL,MODEL S,,,5YJSA1AG5DF******,CERTIFICATE OF TITLE (P),"231,208 A",ACTUAL,FRONT END,90 USD,0 USD,1105,OH - AKRON,0,N/A,N/A
https://www.copart.com/lot/49141846/salvage-2013-ram-1500-slt-oh-akron,49141846,"6,293 USD",05/01/2026 03:00 pm GMT+1,2013,RAM,1500,5.7L 8,8,1C6RR7GT7DS******,CERTIFICATE OF SALVAGE,"207,154 A",ACTUAL,SIDE,300 USD,0 USD,8,OH - AKRON,0,N/A,N/A
https://www.copart.com/lot/49098586/salvage-1997-buick-lesabre-custom-oh-akron,49098586,"1,863 USD",05/01/2026 03:00 pm GMT+1,1997,BUIC,LESABRE,3.8L 6,6,1G4HP52K9VH******,CERT OF TITLE-SALVAGE,"110,613 A",ACTUAL,SIDE,250 USD,0 USD,35,OH - AKRON,0,N/A,N/A
https://www.copart.com/lot/49017056/salvage-2018-ram-1500-st-oh-akron,49017056,"15,415 USD",05/01/2026 03:00 pm GMT+1,2018,RAM,1500,5.7L 8,8,1C6RR7FT5JS******,CERT OF TITLE-SALVAGE,"117,928 A",ACTUAL,FRONT END,"2,200 USD",0 USD,32,OH - AKRON,0,N/A,N/A
https://www.copart.com/lot/48933866/clean-title-2012-toyota-tundra-grade-oh-akron,48933866,"8,600 USD",05/01/2026 03:00 pm GMT+1,2012,TOYT,TUNDRA,4.0L 6,6,5TFLU5F1XCX******,CERTIFICATE OF TITLE,"173,674 A",ACTUAL,MECHANICAL,475 USD,0 USD,1117,OH - AKRON,0,N/A,N/A
https://www.copart.com/lot/48897496/clean-title-2014-mazda-3-touring-oh-akron,48897496,"3,200 USD",05/01/2026 03:00 pm GMT+1,2014,MAZD,3,2.0L 4,4,3MZBM1V75EM******,CERTIFICATE OF TITLE,"192,006 A",ACTUAL,FRONT END,200 USD,0 USD,24,OH - AKRON,0,N/A,N/A
https://www.copart.com/lot/48813516/salvage-2025-subaru-crosstrek-oh-akron,48813516,"25,549 USD",05/01/2026 03:00 pm GMT+1,2025,SUBA,CROSSTREK,2.0L 4,4,JF2GUABC9SH******,CERT OF TITLE-SALVAGE,"8,873 A",ACTUAL,REAR END,"2,750 USD",0 USD,1111,OH - AKRON,0,N/A,N/A
https://www.copart.com/lot/48797686/salvage-2023-kia-soul-oh-akron,48797686,0 USD,05/01/2026 03:00 pm GMT+1,2023,KIA,SOUL,2.0L 4,4,KNDJ23AU7P7******,CERT OF TITLE-SALVAGE,"47,148 A",ACTUAL,REAR END,80 USD,0 USD,36,OH - AKRON,0,N/A,N/A
https://www.copart.com/lot/48695346/salvage-2011-mitsubishi-lancer-evolution-mr-oh-akron,48695346,"16,750 USD",05/01/2026 03:00 pm GMT+1,2011,MITS,LANCER,2.0L 4,4,JA32W5FV3BU******,CERT OF TITLE-SALVAGE,"133,895 A",ACTUAL,FRONT END,"2,800 USD",0 USD,15,OH - AKRON,0,N/A,N/A
https://www.copart.com/lot/48614826/salvage-2003-pontiac-grand-am-se1-oh-akron,48614826,"2,303 USD",05/01/2026 03:00 pm GMT+1,2003,PONT,GRAND AM,2.2L 4,4,1G2NF52F83C******,CERT OF TITLE-SALVAGE,0 N,NOT ACTUAL,FRONT END,90 USD,0 USD,1124,OH - AKRON,0,N/A,N/A
https://www.copart.com/lot/48603366/salvage-2014-mini-cooper-coupe-s-oh-akron,48603366,"8,636 USD",05/01/2026 03:00 pm GMT+1,2014,MIN,COOPER COUPE,1.6L 4,4,WMWSX3C51ET******,CERT OF TITLE-SALVAGE,"48,414 A",ACTUAL,FRONT END,250 USD,0 USD,28,OH - AKRON,0,N/A,N/A
https://www.copart.com/lot/48600386/clean-title-2019-hyundai-tucson-se-oh-akron,48600386,"10,900 USD",05/01/2026 03:00 pm GMT+1,2019,HYUN,TUCSON,2.0L 4,4,KM8J23A47KU******,CERTIFICATE OF TITLE,"153,548 A",ACTUAL,REAR END,80 USD,0 USD,56,OH - AKRON,0,N/A,N/A
https://www.copart.com/lot/48600016/clean-title-2015-hyundai-santa-fe-limited-oh-akron,48600016,"10,900 USD",05/01/2026 03:00 pm GMT+1,2015,HYUN,SANTA FE,3.3L 6,6,KM8SNDHFXFU******,CERTIFICATE OF TITLE,"164,206 A",ACTUAL,NORMAL WEAR,0 USD,0 USD,69,OH - AKRON,0,N/A,N/A
https://www.copart.com/lot/48574616/salvage-2025-honda-civic-si-oh-akron,48574616,"34,699 USD",05/01/2026 03:00 pm GMT+1,2025,HOND,CIVIC,1.5L 4,4,2HGFE1E52SH******,CERT OF TITLE-SALVAGE,0 N,NOT ACTUAL,FRONT END,"3,200 USD",0 USD,1106,OH - AKRON,0,N/A,N/A
https://www.copart.com/lot/48480226/salvage-2021-ford-f150-super-cab-oh-akron,48480226,"19,156 USD",05/01/2026 03:00 pm GMT+1,2021,FORD,F150,2.7L 6,6,1FTEX1EP0MF******,CERT OF TITLE-SALVAGE,"117,551 A",ACTUAL,FRONT END,"4,050 USD",0 USD,83,OH - AKRON,0,N/A,N/A
https://www.copart.com/lot/48479086/clean-title-2021-jeep-grand-cherokee-limited-oh-akron,48479086,0 USD,05/01/2026 03:00 pm GMT+1,2021,JEP,GRAND CHEROKEE,3.6L 6,6,1C4RJFBG0MC******,CERTIFICATE OF TITLE (P),"83,860 A",ACTUAL,SIDE,"6,300 USD",0 USD,53,OH - AKRON,0,N/A,N/A
https://www.copart.com/lot/48420046/clean-title-2015-hyundai-santa-fe-gls-oh-akron,48420046,0 USD,05/01/2026 03:00 pm GMT+1,2015,HYUN,SANTA FE,3.3L 6,6,KM8SRDHFXFU******,CERTIFICATE OF TITLE (P),"124,172 A",ACTUAL,MECHANICAL,0 USD,0 USD,1138,OH - AKRON,0,N/A,N/A
https://www.copart.com/lot/48337826/salvage-2012-chrysler-200-s-oh-akron,48337826,"3,820 USD",05/01/2026 03:00 pm GMT+1,2012,CHRY,200,3.6L 6,6,1C3CCBHGXCN******,CERT OF TITLE-SALVAGE,"167,944 A",ACTUAL,FRONT END,80 USD,0 USD,76,OH - AKRON,0,N/A,N/A
https://www.copart.com/lot/48299716/salvage-2025-mercedes-benz-glc-300-4matic-oh-akron,48299716,"44,975 USD",05/01/2026 03:00 pm GMT+1,2025,MERZ,GLC,2.0L 4,4,W1NKM4HB4SF******,CERT OF TITLE-SALVAGE VEHICLE,"3,079 A",ACTUAL,FRONT END,"7,200 USD",0 USD,45,OH - AKRON,0,N/A,N/A
https://www.copart.com/lot/48289156/clean-title-2016-ford-escape-titanium-oh-akron,48289156,0 USD,05/01/2026 03:00 pm GMT+1,2016,FORD,ESCAPE,1.6L 4,4,1FMCU0JX8GU******,CERTIFICATE OF TITLE,"157,228 A",ACTUAL,MINOR DENT/SCRATCHES,800 USD,0 USD,1110,OH - AKRON,0,N/A,N/A
https://www.copart.com/lot/48221906/salvage-2011-chevrolet-cruze-lt-oh-akron,48221906,"4,495 USD",05/01/2026 03:00 pm GMT+1,2011,CHEV,CRUZE,1.4L 4,4,1G1PF5S94B7******,CERT OF TITLE-SALVAGE,"127,418 A",ACTUAL,SIDE,90 USD,0 USD,1132,OH - AKRON,0,N/A,N/A
https://www.copart.com/lot/48156696/clean-title-2010-ford-econoline-e350-super-duty-wagon-oh-akron,48156696,"2,800 USD",05/01/2026 03:00 pm GMT+1,2010,FORD,ECONOLINE,5.4L 8,8,1FBSS3BL5AD******,CERTIFICATE OF TITLE,"149,672 A",ACTUAL,MECHANICAL,125 USD,0 USD,823,OH - AKRON,0,N/A,N/A
https://www.copart.com/lot/47885556/salvage-2014-ram-1500-slt-oh-akron,47885556,"10,355 USD",05/01/2026 03:00 pm GMT+1,2014,RAM,1500,5.7L 8,8,1C6RR7LT5ES******,CERT OF TITLE-SALVAGE,"146,793 A",ACTUAL,ROLLOVER,80 USD,0 USD,1128,OH - AKRON,0,N/A,N/A
https://www.copart.com/lot/47882966/clean-title-2016-chevrolet-suburban-k1500-lt-oh-akron,47882966,0 USD,05/01/2026 03:00 pm GMT+1,2016,CHEV,SUBURBAN,5.3L 8,8,1GNSKHKC1GR******,CERTIFICATE OF TITLE,"236,176 A",ACTUAL,MECHANICAL,"3,800 USD",0 USD,1113,OH - AKRON,0,N/A,N/A
https://www.copart.com/lot/47835266/salvage-2022-ford-edge-sel-oh-akron,47835266,"23,233 USD",05/01/2026 03:00 pm GMT+1,2022,FORD,EDGE,2.0L 4,4,2FMPK4J9XNB******,CERT OF TITLE-SALVAGE,"36,195 A",ACTUAL,SIDE,"1,350 USD",0 USD,16,OH - AKRON,0,N/A,N/A
https://www.copart.com/lot/47509436/salvage-2014-ford-fusion-se-oh-akron,47509436,"5,975 USD",05/01/2026 03:00 pm GMT+1,2014,FORD,FUSION,1.5L 4,4,3FA6P0HD8ER******,CERT OF TITLE-SALVAGE,"142,094 A",ACTUAL,FRONT END,250 USD,0 USD,1103,OH - AKRON,0,N/A,N/A
https://www.copart.com/lot/47481456/salvage-2020-bmw-228xi-oh-akron,47481456,"16,781 USD",05/01/2026 03:00 pm GMT+1,2020,BMW,228XI,2.0L 4,4,WBA73AK02L7******,CERT OF TITLE-SALVAGE,"79,083 A",ACTUAL,FRONT END,80 USD,0 USD,46,OH - AKRON,0,N/A,N/A
https://www.copart.com/lot/47351126/salvage-2023-jeep-compass-latitude-lux-oh-akron,47351126,"18,159 USD",05/01/2026 03:00 pm GMT+1,2023,JEP,COMPASS,2.0L 4,4,3C4NJDFN9PT******,CERT OF TITLE-SALVAGE,"20,940 A",ACTUAL,FRONT END,90 USD,0 USD,29,OH - AKRON,0,N/A,N/A
https://www.copart.com/lot/47312646/clean-title-2007-toyota-rav4-sport-oh-akron,47312646,"4,250 USD",05/01/2026 03:00 pm GMT+1,2007,TOYT,RAV4,3.5L 6,6,JTMBK32VX75******,CERTIFICATE OF TITLE,"273,615 A",ACTUAL,FRONT END,250 USD,0 USD,1126,OH - AKRON,0,N/A,N/A
https://www.copart.com/lot/47035166/clean-title-2013-toyota-venza-le-oh-akron,47035166,0 USD,05/01/2026 03:00 pm GMT+1,2013,TOYT,VENZA,2.7L 4,4,4T3ZA3BB3DU******,CERTIFICATE OF TITLE,0 N,NOT ACTUAL,FRONT END,"2,000 USD",0 USD,1102,OH - AKRON,0,N/A,N/A
https://www.copart.com/lot/46903216/salvage-2020-toyota-tacoma-sr-oh-akron,46903216,"23,355 USD",05/01/2026 03:00 pm GMT+1,2020,TOYT,TACOMA,2.7L 4,4,3TYSX5EN2LT******,CERT OF TITLE-SALVAGE,"65,855 A",ACTUAL,FRONT END,"1,200 USD",0 USD,85,OH - AKRON,0,N/A,N/A
https://www.copart.com/lot/46868906/clean-title-2017-ford-escape-se-oh-akron,46868906,0 USD,05/01/2026 03:00 pm GMT+1,2017,FORD,ESCAPE,1.5L 4,4,1FMCU0GD7HU******,CERTIFICATE OF TITLE,"154,355 A",ACTUAL,MECHANICAL,700 USD,0 USD,1135,OH - AKRON,0,N/A,N/A
https://www.copart.com/lot/46844706/clean-title-2018-chevrolet-colorado-z71-oh-akron,46844706,0 USD,05/01/2026 03:00 pm GMT+1,2018,CHEV,COLORADO,2.8L 4,4,1GCPTDE17J1******,CERTIFICATE OF TITLE (P),"229,153 A",ACTUAL,MINOR DENT/SCRATCHES,"6,800 USD",0 USD,60,OH - AKRON,0,N/A,N/A
https://www.copart.com/lot/46695456/salvage-2014-nissan-altima-2-5-sv-oh-akron,46695456,"6,287 USD",05/01/2026 03:00 pm GMT+1,2014,NISS,ALTIMA,2.5L 4,4,1N4AL3AP2EC******,CERT OF TITLE-SALVAGE,"169,417 A",ACTUAL,SIDE,250 USD,0 USD,26,OH - AKRON,0,N/A,N/A
https://www.copart.com/lot/46631416/salvage-2018-toyota-avalon-limited-oh-akron,46631416,"21,619 USD",05/01/2026 03:00 pm GMT+1,2018,TOYT,AVALON,3.5L 6,6,4T1BK1EB1JU******,CERT OF TITLE-SALVAGE,"64,841 A",ACTUAL,SIDE,"2,400 USD",0 USD,37,OH - AKRON,0,N/A,N/A
https://www.copart.com/lot/46563546/salvage-2016-ford-edge-sport-oh-akron,46563546,"11,441 USD",05/01/2026 03:00 pm GMT+1,2016,FORD,EDGE,2.7L 6,6,2FMPK4AP3GB******,CERT OF TITLE-SALVAGE,"123,219 A",ACTUAL,SIDE,275 USD,0 USD,1109,OH - AKRON,0,N/A,N/A
https://www.copart.com/lot/46533576/salvage-2021-ford-ecosport-s-oh-akron,46533576,"9,570 USD",05/01/2026 03:00 pm GMT+1,2021,FORD,ECOSPORT,1.0L  3,3,MAJ3S2FE6MC******,CERT OF TITLE-SALVAGE,0 N,NOT ACTUAL,BURN,80 USD,0 USD,1119,OH - AKRON,0,N/A,N/A
https://www.copart.com/lot/46506136/salvage-2020-hyundai-santa-fe-sel-oh-akron,46506136,"15,348 USD",05/01/2026 03:00 pm GMT+1,2020,HYUN,SANTA FE,2.4L 4,4,5NMS33AD3LH******,CERT OF TITLE-SALVAGE,"56,883 A",ACTUAL,FRONT END,"3,900 USD",0 USD,39,OH - AKRON,0,N/A,N/A
https://www.copart.com/lot/46493456/salvage-2024-jeep-grand-cherokee-limited-oh-akron,46493456,"36,718 USD",05/01/2026 03:00 pm GMT+1,2024,JEP,GRAND CHEROKEE,3.6L 6,6,1C4RJHBG4RC******,CERT OF TITLE-SALVAGE,0 N,NOT ACTUAL,FRONT END,"2,050 USD",0 USD,1112,OH - AKRON,0,N/A,N/A
https://www.copart.com/lot/46485656/salvage-2012-chrysler-town-&-country-touring-oh-akron,46485656,"6,062 USD",05/01/2026 03:00 pm GMT+1,2012,CHRY,TOWN & COUNTRY,3.6L 6,6,2C4RC1BG5CR******,CERT OF TITLE-SALVAGE FLOOD,"99,828 A",ACTUAL,WATER/FLOOD,525 USD,0 USD,34,OH - AKRON,0,N/A,N/A
https://www.copart.com/lot/46403876/clean-title-2013-nissan-pathfinder-s-**-clean-title-*-repo-**-oh-akron,46403876,"9,850 USD",05/01/2026 03:00 pm GMT+1,2013,NISS,PATHFINDER,3.5L 6,6,5N1AR2MM4DC******,CERTIFICATE OF TITLE,"213,944 A",ACTUAL,MINOR DENT/SCRATCHES,375 USD,0 USD,1107,OH - AKRON,0,N/A,N/A
https://www.copart.com/lot/46318076/salvage-2024-ford-f150-xlt-oh-akron,46318076,"39,027 USD",05/01/2026 03:00 pm GMT+1,2024,FORD,F150,3.5L 6,6,1FTFW3L89RF******,CERT OF TITLE-SALVAGE,"43,802 A",ACTUAL,FRONT END,"12,400 USD",0 USD,21,OH - AKRON,0,N/A,N/A
https://www.copart.com/lot/46219356/salvage-2018-bmw-430xi-gran-coupe-oh-akron,46219356,"14,731 USD",05/01/2026 03:00 pm GMT+1,2018,BMW,430XI,2.0L 4,4,WBA4J3C59JB******,CERT OF TITLE-SALVAGE,0 N,NOT ACTUAL,FRONT END,600 USD,0 USD,1143,OH - AKRON,0,N/A,N/A
https://www.copart.com/lot/46118976/salvage-2015-chevrolet-cruze-lt-oh-akron,46118976,"5,865 USD",05/01/2026 03:00 pm GMT+1,2015,CHEV,CRUZE,1.4L 4,4,1G1PE5SB4F7******,CERT OF TITLE-SALVAGE,"117,157 A",ACTUAL,FRONT END,80 USD,0 USD,74,OH - AKRON,0,N/A,N/A
https://www.copart.com/lot/46114266/salvage-2019-kia-optima-lx-oh-akron,46114266,"9,911 USD",05/01/2026 03:00 pm GMT+1,2019,KIA,OPTIMA,2.4L 4,4,5XXGT4L36KG******,CERT OF TITLE-SALVAGE,"86,398 A",ACTUAL,SIDE,800 USD,0 USD,41,OH - AKRON,0,N/A,N/A
https://www.copart.com/lot/45990676/salvage-2014-jeep-grand-cherokee-limited-oh-akron,45990676,"10,189 USD",05/01/2026 03:00 pm GMT+1,2014,JEP,GRAND CHEROKEE,3.6L 6,6,1C4RJFBG6EC******,CERT OF TITLE-SALVAGE,"125,039 A",ACTUAL,REAR END,"1,600 USD",0 USD,10,OH - AKRON,0,N/A,N/A
https://www.copart.com/lot/45863606/salvage-2022-kia-sportage-lx-oh-akron,45863606,"19,652 USD",05/01/2026 03:00 pm GMT+1,2022,KIA,SPORTAGE,2.4L 4,4,KNDPMCAC9N7******,CERT OF TITLE-SALVAGE,0 N,NOT ACTUAL,ROLLOVER,0 USD,0 USD,1101,OH - AKRON,0,N/A,N/A
https://www.copart.com/lot/45863246/salvage-2020-acura-ilx-oh-akron,45863246,"16,557 USD",05/01/2026 03:00 pm GMT+1,2020,ACUR,ILX,2.4L 4,4,19UDE2F34LA******,CERT OF TITLE-SALVAGE,0 N,NOT ACTUAL,FRONT END,0 USD,0 USD,1130,OH - AKRON,0,N/A,N/A
https://www.copart.com/lot/45809056/clean-title-2020-ford-escape-se-oh-akron,45809056,0 USD,05/01/2026 03:00 pm GMT+1,2020,FORD,ESCAPE,1.5L 3,3,1FMCU9G64LU******,CERT OF TITLE-REPOSSESSION (P),"122,398 A",ACTUAL,MECHANICAL,0 USD,0 USD,54,OH - AKRON,0,N/A,N/A
https://www.copart.com/lot/45725986/salvage-2016-dodge-durango-limited-oh-akron,45725986,"9,442 USD",05/01/2026 03:00 pm GMT+1,2016,DODG,DURANGO,3.6L 6,6,1C4RDJDG1GC******,CERT OF TITLE-SALVAGE,"224,467 A",ACTUAL,REAR END,375 USD,0 USD,17,OH - AKRON,0,N/A,N/A
https://www.copart.com/lot/45617066/2025-sure-trac-equipment-trailer-oh-akron,45617066,0 USD,05/01/2026 03:00 pm GMT+1,2025,SCLZ,SURE-TRAC TRAILERS,,,5JW1U2229S1******,BILL OF SALE-PARTS ONLY,0 E,EXEMPT,NORMAL WEAR,0 USD,0 USD,876,OH - AKRON,0,N/A,N/A
https://www.copart.com/lot/45583636/salvage-2024-chevrolet-silverado-k1500-custom-oh-akron,45583636,"47,085 USD",05/01/2026 03:00 pm GMT+1,2024,CHEV,SILVERADO,2.7L 4,4,1GCRDBEK3RZ******,CERT OF TITLE-SALVAGE,"27,245 A",ACTUAL,REAR END,325 USD,0 USD,1121,OH - AKRON,0,N/A,N/A
https://www.copart.com/lot/42068596/salvage-2021-dodge-durango-r-oh-akron,42068596,"32,003 USD",05/01/2026 03:00 pm GMT+1,2021,DODG,DURANGO,5.7L 8,8,1C4SDJCT9MC******,CERT OF TITLE-SALVAGE,"62,979 A",ACTUAL,FRONT END,"6,300 USD",0 USD,19,OH - AKRON,0,N/A,N/A
https://www.copart.com/lot/41816286/salvage-2017-nissan-titan-sv-oh-akron,41816286,"13,513 USD",05/01/2026 03:00 pm GMT+1,2017,NISS,TITAN,5.6L 8,8,1N6AA1EJ3HN******,CERT OF TITLE-SALVAGE,"130,230 A",ACTUAL,FRONT END,225 USD,0 USD,7,OH - AKRON,0,N/A,N/A
https://www.copart.com/lot/41739546/salvage-2013-buick-regal-oh-akron,41739546,"6,550 USD",05/01/2026 03:00 pm GMT+1,2013,BUIC,REGAL,2.4L 4,4,2G4GR5ER9D9******,CERT OF TITLE-SALVAGE,"68,356 A",ACTUAL,FRONT END,300 USD,0 USD,3,OH - AKRON,0,N/A,N/A